g1-l2-p1,g1-l2-p10,g1-l2-p2,g1-l2-p3,g1-l2-p4,g1-l2-p5,g1-l3-p1,g1-l3-p10,g1-l3-p2,g1-l3-p3,g1-l3-p4,g1-l3-p5,g1-l4-p1,g1-l4-p10,g1-l4-p2,g1-l4-p3,g1-l4-p4,g1-l4-p5,g1-m2-p1,g1-m2-p10,g1-m2-p2,g1-m2-p3,g1-m2-p4,g1-m2-p5,g1-m3-p1,g1-m3-p10,g1-m3-p2,g1-m3-p3,g1-m3-p4,g1-m3-p5,g1-m4-p1,g1-m4-p10,g1-m4-p2,g1-m4-p3,g1-m4-p4,g1-m4-p5,g1-xl2-p1,g1-xl2-p10,g1-xl2-p2,g1-xl2-p3,g1-xl2-p4,g1-xl2-p5,g1-xl3-p1,g1-xl3-p10,g1-xl3-p2,g1-xl3-p3,g1-xl3-p4,g1-xl3-p5,g1-xl4-p1,g1-xl4-p10,g1-xl4-p2,g1-xl4-p3,g1-xl4-p4,g1-xl4-p5,g2-l2-p1,g2-l3-p1,g2-l4-p1,g2-m2-p1,g2-m3-p1,g2-m4-p1,g2-xl2-p1,g2-xl3-p1,g2-xl4-p1
166.01745269606738,44.18573769246523,168.7660171242448,145.65652133050062,110.55695316448247,88.3896040631636,140.85765725490765,44.35862532957147,140.55481286947474,133.57507700387575,109.06693998958201,88.29113103319098,112.21084209852269,44.26425673775715,118.23439274918405,113.78637486321516,109.85262925754989,88.22167516051258,168.11792280967236,44.170920091109316,169.28473164543774,146.88342053296245,110.50967544758883,88.12494788672174,138.9551483330744,44.647031147914454,137.70253214095692,130.69602984715905,108.39952726912695,88.22778656037612,104.44692481796618,44.37858427069188,108.61105685048537,109.84202615010638,110.98931747115616,88.56393462866674,219.8177982774448,44.37233497559326,216.12621962153077,142.3348204693341,111.15620967369851,90.53725032338976,199.97459762554388,44.65235805668673,199.759772725532,142.575034929979,111.11903821844193,112.47347712558727,192.1491319796448,44.30489295571266,194.9785035288132,143.0182842377553,110.84900937829617,89.25891363469172,167.36190754682812,137.15903644211213,108.52034409287295,170.24467510486494,123.2574796527462,104.60466869645593,219.38529362308344,196.26144337081814,193.72468291182273
