{"g1-l2-p1": {"peak_Tps": 166.01745269606738}, "g1-l2-p10": {"peak_Tps": 44.18573769246523}, "g1-l2-p2": {"peak_Tps": 168.7660171242448}, "g1-l2-p3": {"peak_Tps": 145.65652133050062}, "g1-l2-p4": {"peak_Tps": 110.55695316448247}, "g1-l2-p5": {"peak_Tps": 88.3896040631636}, "g1-l3-p1": {"peak_Tps": 140.85765725490765}, "g1-l3-p10": {"peak_Tps": 44.35862532957147}, "g1-l3-p2": {"peak_Tps": 140.55481286947474}, "g1-l3-p3": {"peak_Tps": 133.57507700387575}, "g1-l3-p4": {"peak_Tps": 109.06693998958201}, "g1-l3-p5": {"peak_Tps": 88.29113103319098}, "g1-l4-p1": {"peak_Tps": 112.21084209852269}, "g1-l4-p10": {"peak_Tps": 44.26425673775715}, "g1-l4-p2": {"peak_Tps": 118.23439274918405}, "g1-l4-p3": {"peak_Tps": 113.78637486321516}, "g1-l4-p4": {"peak_Tps": 109.85262925754989}, "g1-l4-p5": {"peak_Tps": 88.22167516051258}, "g1-m2-p1": {"peak_Tps": 168.11792280967236}, "g1-m2-p10": {"peak_Tps": 44.170920091109316}, "g1-m2-p2": {"peak_Tps": 169.28473164543774}, "g1-m2-p3": {"peak_Tps": 146.88342053296245}, "g1-m2-p4": {"peak_Tps": 110.50967544758883}, "g1-m2-p5": {"peak_Tps": 88.12494788672174}, "g1-m3-p1": {"peak_Tps": 138.9551483330744}, "g1-m3-p10": {"peak_Tps": 44.647031147914454}, "g1-m3-p2": {"peak_Tps": 137.70253214095692}, "g1-m3-p3": {"peak_Tps": 130.69602984715905}, "g1-m3-p4": {"peak_Tps": 108.39952726912695}, "g1-m3-p5": {"peak_Tps": 88.22778656037612}, "g1-m4-p1": {"peak_Tps": 104.44692481796618}, "g1-m4-p10": {"peak_Tps": 44.37858427069188}, "g1-m4-p2": {"peak_Tps": 108.61105685048537}, "g1-m4-p3": {"peak_Tps": 109.84202615010638}, "g1-m4-p4": {"peak_Tps": 110.98931747115616}, "g1-m4-p5": {"peak_Tps": 88.56393462866674}, "g1-xl2-p1": {"peak_Tps": 219.8177982774448}, "g1-xl2-p10": {"peak_Tps": 44.37233497559326}, "g1-xl2-p2": {"peak_Tps": 216.12621962153077}, "g1-xl2-p3": {"peak_Tps": 142.3348204693341}, "g1-xl2-p4": {"peak_Tps": 111.15620967369851}, "g1-xl2-p5": {"peak_Tps": 90.53725032338976}, "g1-xl3-p1": {"peak_Tps": 199.97459762554388}, "g1-xl3-p10": {"peak_Tps": 44.65235805668673}, "g1-xl3-p2": {"peak_Tps": 199.759772725532}, "g1-xl3-p3": {"peak_Tps": 142.575034929979}, "g1-xl3-p4": {"peak_Tps": 111.11903821844193}, "g1-xl3-p5": {"peak_Tps": 112.47347712558727}, "g1-xl4-p1": {"peak_Tps": 192.1491319796448}, "g1-xl4-p10": {"peak_Tps": 44.30489295571266}, "g1-xl4-p2": {"peak_Tps": 194.9785035288132}, "g1-xl4-p3": {"peak_Tps": 143.0182842377553}, "g1-xl4-p4": {"peak_Tps": 110.84900937829617}, "g1-xl4-p5": {"peak_Tps": 89.25891363469172}, "g2-l1-p1": {"peak_Tps": 198.44099431514564}, "g2-l2-p1": {"peak_Tps": 167.36190754682812}, "g2-l3-p1": {"peak_Tps": 137.15903644211213}, "g2-l4-p1": {"peak_Tps": 108.52034409287295}, "g2-m1-p1": {"peak_Tps": 191.8937095347475}, "g2-m2-p1": {"peak_Tps": 170.24467510486494}, "g2-m3-p1": {"peak_Tps": 123.2574796527462}, "g2-m4-p1": {"peak_Tps": 104.60466869645593}, "g2-xl1-p1": {"peak_Tps": 223.6197760472056}, "g2-xl2-p1": {"peak_Tps": 219.38529362308344}, "g2-xl3-p1": {"peak_Tps": 196.26144337081814}, "g2-xl4-p1": {"peak_Tps": 193.72468291182273}}